drug_id,target_id
680,1404
455,1082
190,858
16,986
188,858
466,883
16,1017
43,1696
134,954
444,902
314,1737
90,1150
43,1697
43,1695
455,1169
201,940
283,844
128,766
624,1082
378,857
624,1076
460,1129
242,1169
292,1701
255,994
16,951
536,831
294,1115
585,1280
624,1143
411,718
255,993
325,1066
292,1702
668,1168
680,1473
292,1706
444,872
292,1705
292,1704
292,1703
480,718
325,1150
110,1010
524,734
276,1023
524,757
172,914
448,964
172,933
50,720
138,956
88,858
618,846
365,858
686,1138
316,1169
172,967
376,734
16,1138
303,816
316,1115
160,734
316,1082
50,791
509,1137
206,1143
299,1201
376,757
612,1278
658,827
255,722
480,858
16,1150
112,1167
455,971
242,1321
88,718
574,1070
570,986
400,720
201,757
276,894
294,1036
601,1874
12,1695
12,1696
12,1697
43,1878
43,1876
281,1460
310,1695
10,1872
310,1696
310,1697
662,1030
592,806
294,996
170,1624
255,814
10,1873
10,1871
294,1034
16,1070
16,1066
471,1134
624,1269
603,1102
201,734
520,1030
392,940
624,757
347,949
367,1010
128,979
658,1316
264,951
126,1010
425,1150
349,1130
626,964
624,847
242,873
626,986
392,757
60,905
585,951
541,1038
161,1635
16,734
692,766
24,757
289,996
400,1143
640,1023
327,718
367,981
123,806
469,1639
624,872
308,1134
289,1017
624,883
532,1098
110,779
624,873
62,810
523,1874
425,1066
283,1125
289,1138
176,751
71,1167
96,951
220,1348
322,951
299,1872
299,1873
275,1862
275,1861
617,1624
330,1138
541,949
65,1148
242,806
123,872
626,1017
126,981
381,1562
60,891
580,807
156,1168
76,1150
62,843
176,790
278,1167
123,902
441,1404
624,791
5,741
523,1875
12,1874
264,1150
624,1036
624,1034
460,1168
57,806
624,1030
585,1150
444,996
46,850
624,1017
201,1030
289,872
289,873
580,986
411,858
388,1874
388,1875
388,1876
361,1313
574,807
388,1877
176,1109
12,1875
12,1876
651,832
444,949
400,949
126,1168
662,734
292,1648
110,981
338,1131
145,1143
580,1018
255,1097
176,1085
255,1141
388,1878
523,1876
176,945
624,940
82,751
514,2211
62,714
541,1143
289,964
624,929
668,981
585,1066
427,997
299,1693
580,914
485,1082
626,931
523,1877
156,1010
347,1069
60,1019
238,1869
444,1034
238,1870
624,996
485,1169
46,894
299,1624
378,969
281,1224
325,951
381,1697
381,1696
624,964
592,1102
668,1010
392,847
264,1066
146,757
588,873
185,996
340,873
616,902
31,751
677,757
413,874
262,1626
395,1102
125,883
616,883
340,872
85,1168
516,858
616,873
616,872
125,872
85,1180
213,1102
428,1150
86,852
152,980
539,1910
306,1878
693,803
31,790
340,929
251,718
628,724
616,940
306,1877
346,768
306,1876
306,1874
616,929
291,1292
396,779
446,1714
85,1183
130,847
677,873
616,791
704,1066
41,998
413,803
622,952
483,1648
291,1178
130,757
495,858
424,835
92,931
251,848
41,1025
594,816
495,848
19,1911
561,756
306,779
363,1165
638,1693
251,1723
693,874
616,847
280,1035
85,1201
428,1169
511,1070
473,896
103,1719
269,1167
335,1030
92,872
468,1364
141,721
483,714
616,964
473,1003
85,1010
85,981
64,757
424,1070
423,1129
64,734
329,720
516,718
236,733
628,846
340,1038
340,1036
340,1034
125,1017
80,825
396,981
616,1143
423,1168
151,1201
58,1169
74,1034
324,996
64,816
97,827
346,964
196,1220
291,1445
396,1010
504,1909
671,940
358,1134
31,945
125,1066
97,858
616,1082
511,948
125,964
340,996
671,1030
19,842
616,1017
401,1858
368,1417
74,1168
616,996
31,822
363,1278
424,974
70,1054
622,748
301,741
616,1030
406,1857
14,972
511,883
340,1017
346,872
14,977
219,816
429,742
268,1382
19,827
672,779
616,1034
550,1706
644,950
406,1856
616,1038
268,1397
616,1036
306,1697
306,1695
523,1010
225,1030
48,791
225,757
257,806
451,1070
230,851
561,996
48,1082
363,775
655,846
48,1076
19,1564
534,1030
257,1036
262,1108
48,847
141,1067
505,1232
567,872
48,1038
561,1296
174,1036
368,2210
257,1102
108,1138
567,873
550,1160
539,1217
677,1143
225,734
174,996
407,768
225,996
225,986
26,756
251,1236
147,827
48,929
550,949
8,1692
48,940
14,1700
550,956
380,858
19,1452
627,1632
561,1102
97,1522
85,1693
14,1699
225,873
48,1036
257,996
48,1034
48,873
48,1030
48,883
136,1115
225,847
48,1017
306,1168
423,1878
225,964
48,902
423,1874
423,1875
423,1876
423,1877
158,739
141,966
462,996
114,1025
141,821
561,806
251,909
317,1868
534,734
251,1562
163,1035
677,964
600,1134
534,757
522,827
291,1070
439,1169
251,1522
561,802
704,1150
572,1126
130,734
251,858
616,734
500,1121
478,954
439,1082
495,827
489,1566
197,832
141,793
268,1730
567,1074
374,714
340,720
262,1430
3,1035
660,954
48,720
25,1857
434,1158
225,1138
369,741
151,1693
357,1624
92,1169
306,1010
25,1856
550,1213
225,1115
103,1103
48,1169
423,1695
351,766
423,1696
423,1697
446,915
306,981
141,916
457,1167
36,1134
92,1082
462,872
633,1167
478,1624
567,996
561,1389
174,1115
545,973
41,1160
41,1168
561,1377
451,948
622,1167
97,1282
567,964
151,1183
168,1257
368,727
506,1030
317,1034
521,1253
40,1708
694,1169
368,718
191,902
302,964
521,1277
396,1695
588,1115
433,1525
694,1143
379,951
484,1134
252,996
579,1253
146,1030
461,858
396,1696
499,1701
120,734
185,1143
571,897
2,1238
120,720
93,1236
175,964
499,1702
396,1697
499,1706
302,996
191,872
588,1082
599,806
252,1036
175,940
202,1066
588,1143
109,996
433,1632
683,772
654,986
268,715
654,996
202,1150
433,1630
261,1354
379,1066
694,1034
499,1859
499,1860
368,848
175,757
535,807
623,1160
523,779
694,1102
279,843
433,1560
521,1321
433,1562
175,847
4,1138
401,1116
506,940
93,1138
588,1169
356,1880
261,1316
58,720
579,1332
202,951
175,1138
672,1696
672,1695
226,789
659,724
588,929
650,1131
120,872
549,1138
120,847
109,1115
317,902
396,1878
396,1877
396,1876
672,1697
120,873
137,1126
504,1221
546,1025
68,1763
302,1143
49,873
2,1032
317,872
588,902
463,741
120,883
573,946
621,1143
634,1205
396,1875
364,718
175,996
579,1354
694,1269
109,1036
654,772
566,757
252,1115
175,1030
47,816
588,1017
120,757
302,1036
279,714
650,1030
588,1036
588,1038
2,1161
588,996
384,786
698,1205
175,1115
661,820
93,1343
579,1417
521,1102
588,964
472,757
204,718
135,994
678,964
661,781
661,775
659,789
694,1017
368,858
31,1109
324,1115
58,1034
58,1038
295,1082
521,1717
69,986
610,756
334,1027
97,718
345,816
26,1402
584,816
346,1076
694,720
396,1168
329,931
58,1017
667,987
494,1167
528,1035
64,1030
433,1891
433,1893
433,1894
433,1895
93,847
329,1017
593,1019
214,950
579,955
8,829
329,929
31,1085
191,1034
58,1143
63,736
324,1036
424,1168
423,1010
93,734
346,996
329,872
268,1203
151,1168
295,1169
158,1695
340,1143
69,1074
329,873
247,858
412,1102
672,1010
58,1082
279,1254
374,1254
9,1074
428,873
423,981
672,981
584,756
428,883
329,1034
429,1054
694,931
526,1774
593,891
528,1205
433,1742
594,1562
15,1074
540,1035
700,736
694,929
268,821
506,757
329,1169
615,714
599,1102
93,986
650,734
58,872
312,872
566,1030
295,873
391,1167
15,1138
506,847
93,1066
175,734
58,791
350,883
694,996
30,766
546,710
25,810
678,720
694,964
373,757
58,873
694,902
506,734
151,981
58,931
291,1694
329,1082
312,996
302,720
667,1108
671,734
15,986
151,1010
694,806
374,1404
672,1168
58,929
93,940
655,1630
329,1143
611,1132
93,964
339,954
302,756
180,848
203,1910
252,756
58,902
295,971
623,998
93,951
694,873
694,872
389,2083
112,1028
48,964
691,1066
691,951
101,902
564,1017
564,1143
133,956
449,986
548,1065
160,1017
171,1143
183,1010
50,964
211,832
569,734
138,1705
524,949
597,1036
597,1034
271,734
138,1701
437,1070
393,1271
265,806
133,1706
138,1703
272,720
138,1704
206,964
154,986
524,964
691,1138
144,981
564,902
631,1191
382,1891
143,1706
669,1138
78,742
101,1038
299,954
210,1486
631,1192
631,1193
668,1877
668,1874
83,756
668,1875
597,1017
210,1481
28,772
138,1910
398,951
668,1876
631,1195
23,1132
581,1010
366,832
133,1702
564,1036
575,756
581,1183
72,986
690,1445
66,1156
343,1074
133,1701
376,940
486,1019
564,1034
287,1150
227,832
371,791
382,891
696,1066
144,1695
144,1696
121,1020
111,718
122,781
22,1127
101,883
410,891
398,1150
581,981
587,781
243,1030
569,986
361,852
564,873
321,891
371,902
459,807
507,1630
404,1167
597,1038
507,1632
271,1115
663,1167
631,1231
524,940
486,1025
316,964
199,1565
132,1910
564,1030
23,714
178,718
0,820
597,791
586,1038
564,872
382,1222
144,1010
101,1034
233,718
316,986
228,996
184,986
554,823
548,987
271,847
310,981
206,720
111,1072
382,1019
569,940
498,1030
398,1066
271,1036
272,949
288,1054
72,1138
6,832
607,1010
101,940
569,1102
530,852
388,1168
101,996
244,858
669,1632
680,987
94,1565
486,1742
271,1859
669,1630
315,997
110,1695
110,1696
50,1038
607,779
259,1696
388,1129
607,1875
316,872
607,1878
524,1030
101,964
160,964
228,986
287,1066
553,1126
101,734
597,720
110,1697
405,718
669,872
50,1034
154,1074
613,1143
12,981
426,850
630,1268
596,1010
668,1696
564,964
265,1102
668,1697
509,858
707,1035
127,806
189,775
376,1030
675,797
564,996
50,1076
11,734
194,806
61,1134
183,779
101,1017
575,996
502,1344
530,829
12,1010
377,1131
581,1201
597,931
143,1702
143,1701
154,1138
454,971
50,1082
702,781
17,806
581,1693
569,964
569,1138
183,1876
613,926
475,1102
691,986
100,1150
83,796
183,1875
11,757
183,1874
432,796
564,940
393,1066
243,847
383,810
524,996
564,931
431,1138
77,807
183,1878
597,996
420,1447
183,1877
554,802
696,951
127,1102
691,1150
497,872
348,816
537,1473
165,1068
38,1072
508,1325
597,1082
22,1262
110,1875
171,996
564,1115
122,1028
110,1876
266,1394
581,1168
537,987
121,1567
431,807
393,1150
110,1877
486,1525
486,950
631,958
607,1168
22,889
133,1648
298,926
243,757
145,720
121,1276
101,1169
144,1129
625,747
271,949
83,1110
144,1168
597,1115
607,1696
607,1697
243,734
144,1876
50,872
110,1874
613,1070
597,1076
415,741
685,1102
22,1157
95,1167
537,1371
669,1074
228,1138
602,2007
243,940
524,1143
316,1036
537,1404
537,979
631,966
332,1131
101,847
597,873
393,951
449,1074
393,949
144,1875
420,1048
138,1088
454,1169
388,1010
17,1102
597,872
221,1362
420,997
569,806
575,1115
144,1874
315,891
564,734
431,1074
271,940
597,1169
343,1036
110,1878
184,1138
194,1102
100,951
431,1030
486,891
228,872
569,847
188,1827
188,1846
50,1169
685,806
233,858
266,1425
658,747
316,1034
569,1291
564,757
271,1706
34,1138
696,1150
89,1148
309,781
271,956
481,750
596,1168
520,757
641,806
183,1695
194,756
542,893
652,1300
564,847
50,902
454,873
165,894
332,1070
23,987
144,1877
205,768
160,757
101,791
22,968
244,718
165,893
12,1129
431,757
631,715
232,999
222,1134
101,872
144,1878
553,950
332,1074
492,1125
260,1028
183,1697
596,1129
271,1701
309,1088
61,756
271,996
559,1167
569,1030
508,747
332,807
206,1038
442,1150
652,1415
503,1289
652,1355
310,779
272,1143
354,1289
553,1025
371,1034
294,806
228,1168
121,1322
465,872
332,883
564,768
