trial,F,H,D,C,K,fold_0_best_validation_aupr,fold_1_best_validation_aupr,fold_2_best_validation_aupr,fold_3_best_validation_aupr,fold_4_best_validation_aupr,mean_validation_aupr,population_std_validation_aupr,selected
trial_1,32,48,64,2,75,0.533532,0.506966,0.500736,0.526897,0.503587,0.514344,0.013275,no
trial_2,64,64,48,2,100,0.521689,0.446007,0.554933,0.32642,0.548091,0.479428,0.085709,no
trial_3,48,32,64,2,50,0.565902,0.504686,0.50418,0.4611,0.505969,0.508367,0.03341,no
trial_4,32,48,32,2,75,0.245304,0.346976,0.343836,0.424511,0.293413,0.330808,0.059868,no
trial_5,32,64,32,2,25,0.457355,0.352134,0.306729,0.293012,0.456453,0.373137,0.071141,no
trial_6,48,64,64,2,50,0.499528,0.493183,0.413251,0.531262,0.527922,0.493029,0.042629,no
trial_7,64,32,32,4,100,0.503452,0.507359,0.356202,0.502385,0.510147,0.475909,0.059918,no
trial_8,24,24,48,1,100,0.674411,0.705282,0.709487,0.662077,0.738758,0.698003,0.027178,yes
trial_9,64,32,48,2,100,0.522691,0.532691,0.559946,0.528788,0.523253,0.533474,0.013741,no
trial_10,32,64,32,4,100,0.503577,0.522795,0.49716,0.373075,0.501119,0.479545,0.053962,no
